BEGIN TRANSACTION;

INSERT INTO securities(security_id, added_on, ended_on)
VALUES
    (4320, "2020-11-11", "2021-01-19"),
    (5781, "2020-11-11", NULL),
    (7160, "2020-11-11", "2021-01-19"),
    (7759, "2020-11-11", NULL),
    (8062, "2020-11-11", NULL),
    (12356, "2020-11-11", "2021-01-19"),
    (14284, "2020-11-11", NULL),
    (25848, "2020-11-11", NULL),
    (32909, "2020-11-11", NULL),
    (43434, "2020-11-11", NULL),
    (44699, "2020-11-11", NULL),
    (45875, "2020-11-11", NULL),
    (46182, "2020-11-11", NULL),
    (48402, "2020-11-11", NULL),
    (55870, "2020-11-11", NULL),
    (61146, "2020-11-11", NULL),
    (63891, "2021-01-19", NULL),
    (71660, "2020-11-11", NULL),
    (71661, "2020-11-11", NULL),
    (73919, "2020-11-11", NULL),
    (79329, "2020-11-11", NULL),
    (80219, "2020-11-11", NULL),
    (82354, "2020-11-11", NULL),
    (83241, "2020-11-11", NULL),
    (91934, "2020-11-11", "2021-01-19"),
    (95726, "2020-11-11", NULL),
    (100618, "2020-11-11", "2021-01-19"),
    (101772, "2020-11-11", NULL),
    (109974, "2020-11-11", NULL),
    (110748, "2020-11-11", NULL),
    (117059, "2020-11-11", NULL),
    (121635, "2020-11-11", "2021-01-19"),
    (123498, "2020-11-11", NULL),
    (123890, "2020-11-11", NULL),
    (124774, "2020-11-11", NULL),
    (127963, "2020-11-11", NULL),
    (133453, "2020-11-11", NULL),
    (135602, "2020-11-11", NULL),
    (138287, "2020-11-11", NULL),
    (138691, "2020-11-11", NULL),
    (142659, "2020-11-11", NULL),
    (149346, "2020-11-11", NULL),
    (151861, "2020-11-11", NULL),
    (152758, "2020-11-11", "2021-01-19"),
    (160462, "2020-11-11", NULL),
    (162865, "2020-11-11", NULL),
    (170398, "2020-11-11", NULL),
    (171570, "2020-11-11", NULL),
    (172801, "2020-11-11", NULL),
    (175483, "2020-11-11", "2021-01-19"),
    (176724, "2020-11-11", NULL),
    (176764, "2020-11-11", NULL),
    (183226, "2020-11-11", NULL),
    (185494, "2020-11-11", NULL),
    (185565, "2020-11-11", NULL),
    (185566, "2020-11-11", NULL),
    (185570, "2020-11-11", NULL),
    (186086, "2020-11-11", NULL),
    (187318, "2020-11-11", NULL),
    (188801, "2020-11-11", "2021-01-19"),
    (189361, "2020-11-11", NULL),
    (192071, "2020-11-11", NULL),
    (197825, "2020-11-11", NULL),
    (228616, "2020-11-11", NULL),
    (802200, "2020-11-11", "2021-01-19"),
    (55574572, "2020-11-11", NULL),
    (55574600, "2020-11-11", NULL),
    (55579755, "2020-11-11", "2021-01-19"),
    (55580129, "2020-11-11", "2021-01-19"),
    (55581035, "2020-11-12", "2021-02-03");

INSERT INTO limits(limit_id, value, name, day_lag)
VALUES
    (1, -30, 'yesterday', 1),
    (2, -50, 'last_week', 4);

INSERT INTO alerts(security_id, created_on, limit_id)
VALUES
    (138287, '2019-10-25', 1),
    (185566, '2020-03-10', 1),
    (171570, '2020-03-10', 1),
    (186086, '2020-03-17', 1),
    (46182, '2020-03-19', 1),
    (133453, '2020-03-19', 1),
    (55579755, '2019-11-26', 1),
    (138287, '2019-10-29', 2),
    (192071, '2020-02-26', 2),
    (185566, '2020-03-09', 2),
    (171570, '2020-03-10', 2),
    (186086, '2020-03-10', 2),
    (79329, '2020-03-12', 2),
    (133453, '2020-03-13', 2),
    (197825, '2020-03-13', 2),
    (8062, '2020-03-13', 2),
    (185494, '2020-03-13', 2),
    (187318, '2020-03-13', 2),
    (172801, '2020-03-17', 2),
    (12356, '2020-03-17', 2),
    (149346, '2020-03-17', 2),
    (46182, '2020-03-17', 2),
    (71661, '2020-03-17', 2),
    (124774, '2020-03-17', 2),
    (61146, '2020-03-17', 2),
    (189361, '2020-03-19', 2),
    (185565, '2020-03-19', 2),
    (160462, '2020-03-20', 2),
    (127963, '2020-03-24', 2),
    (80219, '2020-04-02', 2),
    (55579755, '2019-12-03', 2),
    (55581035, '2020-03-19', 1),
    (55581035, '2020-02-13', 2);

COMMIT;