INSERT INTO securities (security_id)
VALUES
    (123890),
    (152758),
    (228616),
    (4320),
    (185570),
    (7759),
    (185565),
    (160462),
    (172801),
    (55870),
    (5781),
    (187318),
    (192071),
    (44699),
    (109974),
    (188801),
    (197825),
    (170398),
    (12356),
    (45875),
    (138287),
    (189361),
    (162865),
    (121635),
    (32909),
    (124774),
    (43434),
    (91934),
    (175483),
    (8062),
    (149346),
    (73919),
    (183226),
    (110748),
    (83241),
    (79329),
    (802200),
    (7160),
    (14284),
    (127963),
    (142659),
    (185494),
    (176724),
    (176764),
    (101772),
    (95726),
    (71660),
    (151861),
    (117059),
    (61146),
    (82354),
    (186086),
    (133453),
    (25848),
    (171570),
    (80219),
    (138691),
    (185566),
    (46182),
    (135602),
    (71661),
    (48402),
    (100618),
    (123498),
    (55574572),
    (55574600),
    (55580129),
    (55579755),
    (55581035);

INSERT INTO thresholds (trigger_id, name, value)
VALUES
    (1, 'yesterday', -0.30),
    (2, 'last_week', -0.50),
    (3, 'last_month', -0.30),
    (4, 'year_high', -0.50);

INSERT INTO alerts (security_id, created_on, trigger_id)
VALUES
    (138287, '2019-10-25', 1),
    (185566, '2020-03-10', 1),
    (171570, '2020-03-10', 1),
    (186086, '2020-03-17', 1),
    (46182, '2020-03-19', 1),
    (133453, '2020-03-19', 1),
    (55579755, '2019-11-26', 1),
    (138287, '2019-10-29', 2),
    (192071, '2020-02-26', 2),
    (185566, '2020-03-09', 2),
    (171570, '2020-03-10', 2),
    (186086, '2020-03-10', 2),
    (79329, '2020-03-12', 2),
    (133453, '2020-03-13', 2),
    (197825, '2020-03-13', 2),
    (8062, '2020-03-13', 2),
    (185494, '2020-03-13', 2),
    (187318, '2020-03-13', 2),
    (172801, '2020-03-17', 2),
    (12356, '2020-03-17', 2),
    (149346, '2020-03-17', 2),
    (46182, '2020-03-17', 2),
    (71661, '2020-03-17', 2),
    (124774, '2020-03-17', 2),
    (61146, '2020-03-17', 2),
    (189361, '2020-03-19', 2),
    (185565, '2020-03-19', 2),
    (160462, '2020-03-20', 2),
    (127963, '2020-03-24', 2),
    (80219, '2020-04-02', 2),
    (55579755, '2019-12-03', 2),
    (172801, '2019-10-14', 3),
    (192071, '2019-10-08', 3),
    (149346, '2019-10-14', 3),
    (171570, '2019-11-29', 3),
    (95726, '2020-01-27', 3),
    (185565, '2020-02-04', 3),
    (185566, '2020-02-28', 3),
    (46182, '2020-03-04', 3),
    (138287, '2020-03-06', 3),
    (186086, '2020-03-06', 3),
    (170292, '2020-03-09', 3),
    (142659, '2020-03-10', 3),
    (12356, '2020-03-10', 3),
    (170398, '2020-03-10', 3),
    (4320, '2020-03-10', 3),
    (138691, '2020-03-10', 3),
    (110748, '2020-03-10', 3),
    (183226, '2020-03-10', 3),
    (197825, '2020-03-10', 3),
    (127963, '2020-03-10', 3),
    (188801, '2020-03-10', 3),
    (123890, '2020-03-12', 3),
    (71661, '2020-03-12', 3),
    (152758, '2020-03-12', 3),
    (79329, '2020-03-12', 3),
    (189361, '2020-03-12', 3),
    (8062, '2020-03-12', 3),
    (133453, '2020-03-13', 3),
    (802200, '2020-03-13', 3),
    (187318, '2020-03-13', 3),
    (80219, '2020-03-13', 3),
    (185570, '2020-03-13', 3),
    (123498, '2020-03-13', 3),
    (82354, '2020-03-13', 3),
    (185494, '2020-03-13', 3),
    (176724, '2020-03-13', 3),
    (61146, '2020-03-13', 3),
    (175483, '2020-03-13', 3),
    (101772, '2020-03-13', 3),
    (124774, '2020-03-13', 3),
    (109974, '2020-03-13', 3),
    (71660, '2020-03-13', 3),
    (160462, '2020-03-16', 3),
    (7160, '2020-03-13', 3),
    (44699, '2020-03-13', 3),
    (7759, '2020-03-13', 3),
    (83241, '2020-03-13', 3),
    (151861, '2020-03-13', 3),
    (45875, '2020-03-13', 3),
    (32909, '2020-03-13', 3),
    (5781, '2020-03-13', 3),
    (73919, '2020-03-13', 3),
    (14284, '2020-03-13', 3),
    (228616, '2020-03-13', 3),
    (192071, '2020-03-13', 3),
    (55574572, '2020-03-13', 3),
    (55574600, '2020-03-13', 3),
    (55579755, '2020-01-02', 3),
    (55580129, '2020-02-26', 3),
    (170292, '2019-10-07', 4),
    (172801, '2019-10-07', 4),
    (192071, '2019-10-07', 4),
    (138287, '2019-10-25', 4),
    (149346, '2019-11-14', 4),
    (79329, '2019-10-07', 4),
    (127963, '2019-10-07', 4),
    (95726, '2019-10-07', 4),
    (186086, '2020-01-02', 4),
    (171570, '2019-10-07', 4),
    (80219, '2019-10-07', 4),
    (12356, '2020-02-26', 4),
    (185566, '2020-02-28', 4),
    (185565, '2020-03-09', 4),
    (101772, '2020-03-12', 4),
    (46182, '2020-03-12', 4),
    (197825, '2020-03-13', 4),
    (160462, '2020-03-16', 4),
    (8062, '2020-03-17', 4),
    (142659, '2020-03-17', 4),
    (133453, '2020-03-17', 4),
    (185570, '2020-03-17', 4),
    (185494, '2020-03-17', 4),
    (188801, '2020-03-17', 4),
    (71661, '2020-03-17', 4),
    (802200, '2020-03-17', 4),
    (124774, '2020-03-17', 4),
    (61146, '2020-03-17', 4),
    (110748, '2020-03-18', 4),
    (189361, '2020-03-18', 4),
    (152758, '2020-03-19', 4),
    (83241, '2020-03-19', 4),
    (123890, '2020-03-19', 4),
    (176724, '2020-03-19', 4),
    (170398, '2020-03-19', 4),
    (4320, '2020-03-24', 4),
    (55574572, '2020-03-18', 4),
    (55574600, '2020-03-23', 4),
    (55579755, '2019-10-07', 4),
    (55580129, '2020-02-04', 4),
    (55581035, '2020-03-19', 1),
    (55581035, '2020-02-13', 2),
    (55581035, '2019-11-14', 3),
    (55581035, '2019-10-07', 4);